{"cameraMode":{"drawMode":0,"name":"Shaded","section":"Shading Mode"},"sceneLighting":false,"audioPlay":false,"sceneViewState":{"m_AlwaysRefresh":false,"showFog":true,"showSkybox":false,"showFlares":true,"showImageEffects":true,"showParticleSystems":true,"showVisualEffectGraphs":true,"m_FxEnabled":true},"in2DMode":false,"pivot":{"x":-10.060139656066895,"y":29.75244903564453,"z":-16.648025512695314},"rotation":{"x":-0.011676868423819542,"y":0.048289213329553607,"z":0.0005526013555936515,"w":0.9987821578979492},"size":0.9660856127738953,"orthographic":false}