{"cameraMode":{"drawMode":0,"name":"Shaded","section":"Shading Mode"},"sceneLighting":false,"audioPlay":false,"sceneViewState":{"m_AlwaysRefresh":false,"showFog":true,"showSkybox":false,"showFlares":true,"showImageEffects":true,"showParticleSystems":true,"showVisualEffectGraphs":true,"m_FxEnabled":true},"in2DMode":false,"pivot":{"x":25.557891845703126,"y":-0.46758604049682619,"z":-2.6710405349731447},"rotation":{"x":-0.1440356969833374,"y":-0.3954142928123474,"z":0.06288797408342362,"w":-0.9050329327583313},"size":10.203570365905762,"orthographic":false}