{"cameraMode":{"drawMode":0,"name":"Shaded","section":"Shading Mode"},"sceneLighting":true,"audioPlay":false,"sceneViewState":{"m_AlwaysRefresh":false,"showFog":true,"showSkybox":true,"showFlares":true,"showImageEffects":true,"showParticleSystems":true,"showVisualEffectGraphs":true,"m_FxEnabled":true},"in2DMode":false,"pivot":{"x":18.29387664794922,"y":-0.5649373531341553,"z":44.53057098388672},"rotation":{"x":0.02368430234491825,"y":0.01708873361349106,"z":0.0004124937404412776,"w":-0.9995855093002319},"size":47.933753967285159,"orthographic":false}