{"cameraMode":{"drawMode":0,"name":"Shaded","section":"Shading Mode"},"sceneLighting":true,"audioPlay":false,"sceneViewState":{"m_AlwaysRefresh":false,"showFog":true,"showSkybox":true,"showFlares":true,"showImageEffects":true,"showParticleSystems":true,"showVisualEffectGraphs":true,"m_FxEnabled":true},"in2DMode":false,"pivot":{"x":36.78214645385742,"y":26.876388549804689,"z":-14.759665489196778},"rotation":{"x":0.06235592067241669,"y":-0.16953115165233613,"z":0.010723614133894444,"w":0.9835482835769653},"size":2.277873992919922,"orthographic":false}