{"cameraMode":{"drawMode":0,"name":"Shaded","section":"Shading Mode"},"sceneLighting":false,"audioPlay":false,"sceneViewState":{"m_AlwaysRefresh":false,"showFog":true,"showSkybox":false,"showFlares":true,"showImageEffects":true,"showParticleSystems":true,"showVisualEffectGraphs":true,"m_FxEnabled":true},"in2DMode":false,"pivot":{"x":-14.018110275268555,"y":29.75372886657715,"z":4.557925224304199},"rotation":{"x":-0.034439150243997577,"y":0.14400498569011689,"z":-0.005014943424612284,"w":-0.9889655113220215},"size":1.4012668132781983,"orthographic":false}