{"cameraMode":{"drawMode":0,"name":"Shaded","section":"Shading Mode"},"sceneLighting":false,"audioPlay":false,"sceneViewState":{"m_AlwaysRefresh":false,"showFog":true,"showSkybox":false,"showFlares":true,"showImageEffects":true,"showParticleSystems":true,"showVisualEffectGraphs":true,"m_FxEnabled":true},"in2DMode":false,"pivot":{"x":1.4571630954742432,"y":2.0284523963928224,"z":-12.226137161254883},"rotation":{"x":0.07937242835760117,"y":0.03289005905389786,"z":-0.002619188278913498,"w":0.9962942600250244},"size":0.042824577540159228,"orthographic":true}